Method,Job,AnalyzeLaunchVariance,EvaluateOverhead,MaxAbsoluteError,MaxRelativeError,MinInvokeCount,MinIterationTime,OutlierMode,Affinity,EnvironmentVariables,Jit,LargeAddressAware,Platform,PowerPlanMode,AllowVeryLargeObjects,Concurrent,CpuGroups,Force,HeapAffinitizeMask,HeapCount,NoAffinitize,RetainVm,Server,Arguments,BuildConfiguration,Clock,EngineFactory,Runtime,Toolchain,IsMutator,ConsumeTasksSynchronously,InvocationCount,IterationCount,IterationTime,JitTieringMode,LaunchCount,MaxIterationCount,MaxWarmupIterationCount,MemoryRandomization,MinIterationCount,MinWarmupIterationCount,RunStrategy,UnrollFactor,WarmupCount,Workload,Mean,Error,StdDev
ColdOpenAndRender,Job-MDTLYB,False,Default,Default,Default,Default,Default,Default,1111,"DOTNET_EnableEventPipe=1,DOTNET_EventPipeOutputPath=/tmp/pdf137-baseline-net10/alloc-{pid}.nettrace,DOTNET_EventPipeConfig=Microsoft-Windows-DotNETRuntime:0x41280001:5,BenchmarkDotNet.EngineEventSource:0xFFFFFFFFFFFFFFFF:5",RyuJit,Default,X64,8c5e7fda-e8bf-4a96-9a85-a6e23a8c635c,False,True,False,True,Default,Default,False,False,False,/p:TargetFramework=net10.0,Default,Default,Default,Default,Default,Default,False,Default,15,Default,Default,Default,Default,Default,Default,Default,Default,Default,16,5,Scan,17.260 ms,0.2294 ms,0.2033 ms
FirstRecordOnOpenDocument,Job-MDTLYB,False,Default,Default,Default,Default,Default,Default,1111,"DOTNET_EnableEventPipe=1,DOTNET_EventPipeOutputPath=/tmp/pdf137-baseline-net10/alloc-{pid}.nettrace,DOTNET_EventPipeConfig=Microsoft-Windows-DotNETRuntime:0x41280001:5,BenchmarkDotNet.EngineEventSource:0xFFFFFFFFFFFFFFFF:5",RyuJit,Default,X64,8c5e7fda-e8bf-4a96-9a85-a6e23a8c635c,False,True,False,True,Default,Default,False,False,False,/p:TargetFramework=net10.0,Default,Default,Default,Default,Default,Default,False,Default,15,Default,Default,Default,Default,Default,Default,Default,Default,Default,16,5,Scan,16.081 ms,0.1102 ms,0.0977 ms
WarmReplay,Job-MDTLYB,False,Default,Default,Default,Default,Default,Default,1111,"DOTNET_EnableEventPipe=1,DOTNET_EventPipeOutputPath=/tmp/pdf137-baseline-net10/alloc-{pid}.nettrace,DOTNET_EventPipeConfig=Microsoft-Windows-DotNETRuntime:0x41280001:5,BenchmarkDotNet.EngineEventSource:0xFFFFFFFFFFFFFFFF:5",RyuJit,Default,X64,8c5e7fda-e8bf-4a96-9a85-a6e23a8c635c,False,True,False,True,Default,Default,False,False,False,/p:TargetFramework=net10.0,Default,Default,Default,Default,Default,Default,False,Default,15,Default,Default,Default,Default,Default,Default,Default,Default,Default,16,5,Scan,15.812 ms,0.0930 ms,0.0726 ms
WarmZoomTile,Job-MDTLYB,False,Default,Default,Default,Default,Default,Default,1111,"DOTNET_EnableEventPipe=1,DOTNET_EventPipeOutputPath=/tmp/pdf137-baseline-net10/alloc-{pid}.nettrace,DOTNET_EventPipeConfig=Microsoft-Windows-DotNETRuntime:0x41280001:5,BenchmarkDotNet.EngineEventSource:0xFFFFFFFFFFFFFFFF:5",RyuJit,Default,X64,8c5e7fda-e8bf-4a96-9a85-a6e23a8c635c,False,True,False,True,Default,Default,False,False,False,/p:TargetFramework=net10.0,Default,Default,Default,Default,Default,Default,False,Default,15,Default,Default,Default,Default,Default,Default,Default,Default,Default,16,5,Scan,8.422 ms,0.0750 ms,0.0701 ms
WarmScrollTile,Job-MDTLYB,False,Default,Default,Default,Default,Default,Default,1111,"DOTNET_EnableEventPipe=1,DOTNET_EventPipeOutputPath=/tmp/pdf137-baseline-net10/alloc-{pid}.nettrace,DOTNET_EventPipeConfig=Microsoft-Windows-DotNETRuntime:0x41280001:5,BenchmarkDotNet.EngineEventSource:0xFFFFFFFFFFFFFFFF:5",RyuJit,Default,X64,8c5e7fda-e8bf-4a96-9a85-a6e23a8c635c,False,True,False,True,Default,Default,False,False,False,/p:TargetFramework=net10.0,Default,Default,Default,Default,Default,Default,False,Default,15,Default,Default,Default,Default,Default,Default,Default,Default,Default,16,5,Scan,15.153 ms,0.5719 ms,0.4775 ms
ColdOpenAndRender,Job-MDTLYB,False,Default,Default,Default,Default,Default,Default,1111,"DOTNET_EnableEventPipe=1,DOTNET_EventPipeOutputPath=/tmp/pdf137-baseline-net10/alloc-{pid}.nettrace,DOTNET_EventPipeConfig=Microsoft-Windows-DotNETRuntime:0x41280001:5,BenchmarkDotNet.EngineEventSource:0xFFFFFFFFFFFFFFFF:5",RyuJit,Default,X64,8c5e7fda-e8bf-4a96-9a85-a6e23a8c635c,False,True,False,True,Default,Default,False,False,False,/p:TargetFramework=net10.0,Default,Default,Default,Default,Default,Default,False,Default,15,Default,Default,Default,Default,Default,Default,Default,Default,Default,16,5,Text,9.868 ms,3.3277 ms,3.1127 ms
FirstRecordOnOpenDocument,Job-MDTLYB,False,Default,Default,Default,Default,Default,Default,1111,"DOTNET_EnableEventPipe=1,DOTNET_EventPipeOutputPath=/tmp/pdf137-baseline-net10/alloc-{pid}.nettrace,DOTNET_EventPipeConfig=Microsoft-Windows-DotNETRuntime:0x41280001:5,BenchmarkDotNet.EngineEventSource:0xFFFFFFFFFFFFFFFF:5",RyuJit,Default,X64,8c5e7fda-e8bf-4a96-9a85-a6e23a8c635c,False,True,False,True,Default,Default,False,False,False,/p:TargetFramework=net10.0,Default,Default,Default,Default,Default,Default,False,Default,15,Default,Default,Default,Default,Default,Default,Default,Default,Default,16,5,Text,5.944 ms,0.2243 ms,0.2098 ms
WarmReplay,Job-MDTLYB,False,Default,Default,Default,Default,Default,Default,1111,"DOTNET_EnableEventPipe=1,DOTNET_EventPipeOutputPath=/tmp/pdf137-baseline-net10/alloc-{pid}.nettrace,DOTNET_EventPipeConfig=Microsoft-Windows-DotNETRuntime:0x41280001:5,BenchmarkDotNet.EngineEventSource:0xFFFFFFFFFFFFFFFF:5",RyuJit,Default,X64,8c5e7fda-e8bf-4a96-9a85-a6e23a8c635c,False,True,False,True,Default,Default,False,False,False,/p:TargetFramework=net10.0,Default,Default,Default,Default,Default,Default,False,Default,15,Default,Default,Default,Default,Default,Default,Default,Default,Default,16,5,Text,3.561 ms,0.0737 ms,0.0690 ms
WarmZoomTile,Job-MDTLYB,False,Default,Default,Default,Default,Default,Default,1111,"DOTNET_EnableEventPipe=1,DOTNET_EventPipeOutputPath=/tmp/pdf137-baseline-net10/alloc-{pid}.nettrace,DOTNET_EventPipeConfig=Microsoft-Windows-DotNETRuntime:0x41280001:5,BenchmarkDotNet.EngineEventSource:0xFFFFFFFFFFFFFFFF:5",RyuJit,Default,X64,8c5e7fda-e8bf-4a96-9a85-a6e23a8c635c,False,True,False,True,Default,Default,False,False,False,/p:TargetFramework=net10.0,Default,Default,Default,Default,Default,Default,False,Default,15,Default,Default,Default,Default,Default,Default,Default,Default,Default,16,5,Text,3.726 ms,0.5322 ms,0.4444 ms
WarmScrollTile,Job-MDTLYB,False,Default,Default,Default,Default,Default,Default,1111,"DOTNET_EnableEventPipe=1,DOTNET_EventPipeOutputPath=/tmp/pdf137-baseline-net10/alloc-{pid}.nettrace,DOTNET_EventPipeConfig=Microsoft-Windows-DotNETRuntime:0x41280001:5,BenchmarkDotNet.EngineEventSource:0xFFFFFFFFFFFFFFFF:5",RyuJit,Default,X64,8c5e7fda-e8bf-4a96-9a85-a6e23a8c635c,False,True,False,True,Default,Default,False,False,False,/p:TargetFramework=net10.0,Default,Default,Default,Default,Default,Default,False,Default,15,Default,Default,Default,Default,Default,Default,Default,Default,Default,16,5,Text,2.579 ms,0.4799 ms,0.4254 ms
ColdOpenAndRender,Job-MDTLYB,False,Default,Default,Default,Default,Default,Default,1111,"DOTNET_EnableEventPipe=1,DOTNET_EventPipeOutputPath=/tmp/pdf137-baseline-net10/alloc-{pid}.nettrace,DOTNET_EventPipeConfig=Microsoft-Windows-DotNETRuntime:0x41280001:5,BenchmarkDotNet.EngineEventSource:0xFFFFFFFFFFFFFFFF:5",RyuJit,Default,X64,8c5e7fda-e8bf-4a96-9a85-a6e23a8c635c,False,True,False,True,Default,Default,False,False,False,/p:TargetFramework=net10.0,Default,Default,Default,Default,Default,Default,False,Default,15,Default,Default,Default,Default,Default,Default,Default,Default,Default,16,5,Transparency,7.194 ms,0.1343 ms,0.1048 ms
FirstRecordOnOpenDocument,Job-MDTLYB,False,Default,Default,Default,Default,Default,Default,1111,"DOTNET_EnableEventPipe=1,DOTNET_EventPipeOutputPath=/tmp/pdf137-baseline-net10/alloc-{pid}.nettrace,DOTNET_EventPipeConfig=Microsoft-Windows-DotNETRuntime:0x41280001:5,BenchmarkDotNet.EngineEventSource:0xFFFFFFFFFFFFFFFF:5",RyuJit,Default,X64,8c5e7fda-e8bf-4a96-9a85-a6e23a8c635c,False,True,False,True,Default,Default,False,False,False,/p:TargetFramework=net10.0,Default,Default,Default,Default,Default,Default,False,Default,15,Default,Default,Default,Default,Default,Default,Default,Default,Default,16,5,Transparency,9.062 ms,2.5006 ms,2.3390 ms
WarmReplay,Job-MDTLYB,False,Default,Default,Default,Default,Default,Default,1111,"DOTNET_EnableEventPipe=1,DOTNET_EventPipeOutputPath=/tmp/pdf137-baseline-net10/alloc-{pid}.nettrace,DOTNET_EventPipeConfig=Microsoft-Windows-DotNETRuntime:0x41280001:5,BenchmarkDotNet.EngineEventSource:0xFFFFFFFFFFFFFFFF:5",RyuJit,Default,X64,8c5e7fda-e8bf-4a96-9a85-a6e23a8c635c,False,True,False,True,Default,Default,False,False,False,/p:TargetFramework=net10.0,Default,Default,Default,Default,Default,Default,False,Default,15,Default,Default,Default,Default,Default,Default,Default,Default,Default,16,5,Transparency,6.858 ms,0.0446 ms,0.0418 ms
WarmZoomTile,Job-MDTLYB,False,Default,Default,Default,Default,Default,Default,1111,"DOTNET_EnableEventPipe=1,DOTNET_EventPipeOutputPath=/tmp/pdf137-baseline-net10/alloc-{pid}.nettrace,DOTNET_EventPipeConfig=Microsoft-Windows-DotNETRuntime:0x41280001:5,BenchmarkDotNet.EngineEventSource:0xFFFFFFFFFFFFFFFF:5",RyuJit,Default,X64,8c5e7fda-e8bf-4a96-9a85-a6e23a8c635c,False,True,False,True,Default,Default,False,False,False,/p:TargetFramework=net10.0,Default,Default,Default,Default,Default,Default,False,Default,15,Default,Default,Default,Default,Default,Default,Default,Default,Default,16,5,Transparency,8.356 ms,0.1194 ms,0.1058 ms
WarmScrollTile,Job-MDTLYB,False,Default,Default,Default,Default,Default,Default,1111,"DOTNET_EnableEventPipe=1,DOTNET_EventPipeOutputPath=/tmp/pdf137-baseline-net10/alloc-{pid}.nettrace,DOTNET_EventPipeConfig=Microsoft-Windows-DotNETRuntime:0x41280001:5,BenchmarkDotNet.EngineEventSource:0xFFFFFFFFFFFFFFFF:5",RyuJit,Default,X64,8c5e7fda-e8bf-4a96-9a85-a6e23a8c635c,False,True,False,True,Default,Default,False,False,False,/p:TargetFramework=net10.0,Default,Default,Default,Default,Default,Default,False,Default,15,Default,Default,Default,Default,Default,Default,Default,Default,Default,16,5,Transparency,5.119 ms,0.0396 ms,0.0370 ms
